{"data":[{"id":"1","cod_pais":"+57","pais":"Colombia","ciudades":["Bogotá","Medellín","Cali","Barranquilla","Cartagena","Cúcuta","Soacha","Soledad","Bucaramanga","Bello","Villavicencio","Ibagué","Santa Marta","Valledupar","Montería","Pereira","Manizales","Pasto","Neiva","Palmira","Popayán","Buenaventura","Floridablanca","Armenia","Sincelejo","Itagüi","Tumaco","Envigado","Dosquebradas","Tuluá","Barrancabermeja","Rioacha","Otra"]},{"id":"2","cod_pais":"+58","pais":"Venezuela","ciudades":["Caracas","Maracaibo","Valencia","Barquisimeto","Maracay","Ciudad Guayana","Barcelona","San Cristóbal","Maturín","Barinas","Santa Teresa del Tuy","Punto Fijo","Acarigua","Los Teques","Coro","Guanare","Ciudad Ojeda","Ciudad Bolívar","Cumaná","Puerto Cabello","Guarenas","Puerto La Cruz","Guatire","Cabimas","Turmero","Tocuyito","El Tigre","Carora","La Victoría","Mérida","Cabudare","Carúpano","Otra"]},{"id":"3","cod_pais":"+34","pais":"España","ciudades":["Madrid","Barcelona","Valencia","Sevilla","Zaragoza","Málaga","Murcia","Palma de Mallorca","Las Palmas de Gran Canaria","Bilbao","Alicante","Córdoba","Valladolid","Vigo","Gijón","Hospitalet de Llobregat","Vitoria","La Coruña","Elche","Granada","Tarrasa","Badalona","Oviedo","Sabadell","Cartagena","Jerez de la Frontera","Móstoles","Santa Cruz de Tenerife","Pamplona","Almería","Otra"]},{"id":"4","cod_pais":"+39","pais":"Italia","ciudades":["Roma","Milán","Nápoles","Turín","Palermo","Génova","Bolonia","Florencia","Bari","Catania","Venecia","Verona","Mesina","Padua","Trieste","Otra"]},{"id":"5","cod_pais":"+1","pais":"Estados Unidos","ciudades":["Nueva York","Los Ángeles","Chicago","Houston","Phoenix","San Antonio","Filadelfia","San Diego","Dallas","San José","Austin","Charlotte","Fort Worth","San Francisco","Columbus","Jacksonville","Inidianápolis","Dénver","Seattle","Washington D.C.","El paso","Boston","Nashville","Oklahoma City","Portland","Memphis","Las Vegas","Louisville","Detroit","Baltimore","Milwaukee","Albuquerque","Fresno","Tucson","Sacramento","Mesa","Raleigh","Atlanta","Colorado Springs","Kansas City","Long Beach","Omaha","Miami","Virginia Beach","Oakland","Mineápolis","Arligton","Tulsa","Wichita","Cleveland","Bakersfield","Nueva Orleans","Honolulú","Anaheim","Tampa","Aurora","Santa Ana","San Luis","Pittsburgh","Corpus Christi","Riverside","Cincinnati","Lexington","Anchorage","Stockton","Toledo","Saint Paul","Newark","Greensboro","Búfalo","Plano","Lincoln","Henderson","Frot Wayne","Jersey City","San Petersburgo","Chula Vista","Norfolk","Orlando","Chandler","Laredo","Madison","Winston-Salem","Lubbock","Baton Rouge","Durham","Garland","Glendale","Reno","Hialeah","Paradise","Chesapeake","Scottsdale","North Las Vegas","Irving","Fremont","Irvine","Birmingham","Rochester","San Bernardino","Spokane","Gilbert","Arlington","Montgomery","Boise","Richmond","Des Moines","Modesto","Fayetteville","Otra"]},{"id":"6","cod_pais":"+56","pais":"Chile","ciudades":["Gran Santiago","Gran Concepción","Gran Valparaiso","Gran La Serena","Gran Temuco","Antofagasta","Gran Iquique","Gran Puerto Montt","Gran Talca","Arica","Gran Rancagua","Gran Chillan","Los Ángeles","Otra"]},{"id":"7","cod_pais":"+593","pais":"Chile","ciudades":["Guayaquil","Quito","Cuenca","Santo Domingo","Machala","Durán","Manta","Portoviejo","Otra"]},{"id":"8","cod_pais":"+51","pais":"Perú","ciudades":["Lima","Callao","Arequipa","La Libertad","Lambayeque","Piura","Cuzco","Loreto","Áncash","Junín","Ucayali","Ica","Tacna","Cajamarca","Puno","Ayacucho","Piura - Sullana","Ica - Chicha Alta","Otra"]}]}